{"schemaVersion":"1.0","appDefinitionTemplate":{"id":"/providers/Microsoft.PowerApps/apps/","type":"Microsoft.PowerApps/apps","tags":{"primaryDeviceWidth":"1366","primaryDeviceHeight":"768","sienaVersion":"20200928T155846Z-3.20091.41.0","deviceCapabilities":"","supportsPortrait":"false","supportsLandscape":"true","primaryFormFactor":"Tablet","publisherVersion":"3.20091.41","minimumRequiredApiVersion":"2.2.0","hasComponent":"false","hasUnlockedComponent":"false","isUnifiedRootApp":"false"},"properties":{"appVersion":"2020-09-28T15:58:46Z","lifeCycleId":"Published","createdByClientVersion":{"major":3,"minor":20091,"build":41,"revision":0,"majorRevision":0,"minorRevision":0},"minClientVersion":{"major":3,"minor":20091,"build":41,"revision":0,"majorRevision":0,"minorRevision":0},"backgroundColor":"rgba(0, 176, 240, 1)","backgroundImageUri":"/18120300398624902980/Nd7a208a2-eb3d-4b9d-aea7-f136bc376778-logoSmallFile","displayName":"Customer Insights Retail App V2","description":"","commitMessage":"","appUris":{"documentUri":{"value":"/18120300398624902980/N4e88ca93-09e9-49d6-aa3e-ed0fe8417a7f-document.msapp","readonlyValue":"/18120300398624902980/N4e88ca93-09e9-49d6-aa3e-ed0fe8417a7f-document.msapp"},"imageUris":[]},"createdTime":"0001-01-01T00:00:00Z","lastModifiedTime":"0001-01-01T00:00:00Z","sharedGroupsCount":0,"sharedUsersCount":0,"icons":{"smallIconUri":"/18120300398624902980/Nc2443ec8-dd1b-4011-91f8-b5a6f7eacf97-small.png","mediumIconUri":"/18120300398624902980/Nd3004325-cc20-4202-a3f7-78ebc8c45cea-medium.png","largeIconUri":"/18120300398624902980/N28a02ad5-83ba-48a8-8682-7b021cca1766-large.png","wideIconUri":"/18120300398624902980/Na43d4dd8-7616-4227-b92c-0200e15ed085-wide.png"},"connectionReferences":{"486b3c67-0e99-42b9-a1fd-1d5bbe0fd8ed":{"id":"9fc06166-25a2-41fb-bc6b-970ec67dc61e","displayName":"Dynamics 365 Customer Insights Connector","iconUri":"https://connectoricons-prod.azureedge.net/releases/v1.0.1383/1.0.1383.2102/customerinsights/icon.png","dataSources":["InterestAffinityFromMicrosoft","Customer","BrandAffinityFromMicrosoft"],"dependencies":[],"dependents":[],"parameterHints":{},"isOnPremiseConnection":false,"bypassConsent":false,"dataSets":{"prod-weu-01.api.ci.ai.dynamics.com|0c439209-b60d-4a24-ba14-4f30ff2d4d38":{"dataSources":{"InterestAffinityFromMicrosoft":{"tableName":"InterestAffinityFromMicrosoft"}}},"prod-weu-01.api.ci.ai.dynamics.com|fed13f67-43b2-4bc0-b294-8317ce7fb460":{"dataSources":{"Customer":{"tableName":"Customer"},"BrandAffinityFromMicrosoft":{"tableName":"BrandAffinityFromMicrosoft"}}}},"apiTier":"Premium","isCustomApiConnection":false}},"authorizationReferences":[{"resourceId":"powerbi"}],"databaseReferences":{},"almMode":"Environment","performanceOptimizationEnabled":true,"canConsumeAppPass":true},"isAppComponentLibrary":false,"appType":"ClassicCanvasApp","appComponents":[]}}