{"schemaVersion":"1.0","appDefinitionTemplate":{"id":"/providers/Microsoft.PowerApps/apps/","type":"Microsoft.PowerApps/apps","tags":{"primaryDeviceWidth":"1366","primaryDeviceHeight":"768","sienaVersion":"20200910T170314Z-3.20081.24.0","deviceCapabilities":"","supportsPortrait":"false","supportsLandscape":"true","primaryFormFactor":"Tablet","publisherVersion":"3.20081.24","minimumRequiredApiVersion":"2.2.0","hasComponent":"false","hasUnlockedComponent":"false","isUnifiedRootApp":"false"},"properties":{"appVersion":"2020-09-10T17:03:14Z","lifeCycleId":"Published","createdByClientVersion":{"major":3,"minor":20081,"build":24,"revision":0,"majorRevision":0,"minorRevision":0},"minClientVersion":{"major":3,"minor":20081,"build":24,"revision":0,"majorRevision":0,"minorRevision":0},"backgroundColor":"rgba(0, 176, 240, 1)","backgroundImageUri":"/18120300398624902980/N806672d9-c4a1-49ea-88f7-6ae1eace9a05-logoSmallFile","displayName":"Customer Insights Retail App V1","description":"","commitMessage":"","appUris":{"documentUri":{"value":"/18120300398624902980/Ndf06cd33-e2b9-4778-a2b2-dfbf3de93152-document.msapp","readonlyValue":"/18120300398624902980/Ndf06cd33-e2b9-4778-a2b2-dfbf3de93152-document.msapp"},"imageUris":[]},"createdTime":"0001-01-01T00:00:00Z","lastModifiedTime":"0001-01-01T00:00:00Z","sharedGroupsCount":0,"sharedUsersCount":0,"icons":{"smallIconUri":"/18120300398624902980/N872e01fa-04f1-46a5-9ac6-c1496e234bc1-small.png","mediumIconUri":"/18120300398624902980/Naa9e12c8-a116-4158-9543-26962d7d4d41-medium.png","largeIconUri":"/18120300398624902980/N2a8a740a-cbb4-4931-873d-2ec345084fed-large.png","wideIconUri":"/18120300398624902980/N60a43b1f-6979-4848-8a3f-726d55c1fab6-wide.png"},"connectionReferences":{"486b3c67-0e99-42b9-a1fd-1d5bbe0fd8ed":{"id":"9fc06166-25a2-41fb-bc6b-970ec67dc61e","displayName":"Dynamics 365 Customer Insights Connector","iconUri":"https://connectoricons-prod.azureedge.net/releases/v1.0.1383/1.0.1383.2102/customerinsights/icon.png","dataSources":["InterestAffinityFromMicrosoft"],"dependencies":[],"dependents":[],"parameterHints":{},"isOnPremiseConnection":false,"bypassConsent":false,"dataSets":{"prod-weu-01.api.ci.ai.dynamics.com|0c439209-b60d-4a24-ba14-4f30ff2d4d38":{"dataSources":{"InterestAffinityFromMicrosoft":{"tableName":"InterestAffinityFromMicrosoft"}}}},"apiTier":"Premium","isCustomApiConnection":false}},"authorizationReferences":[{"resourceId":"powerbi"}],"databaseReferences":{},"almMode":"Environment","performanceOptimizationEnabled":true,"canConsumeAppPass":true},"isAppComponentLibrary":false,"appType":"ClassicCanvasApp","appComponents":[]}}